antecedents_str,lift
yogurt,1.1419906737123833
"yogurt, whole milk",1.1419906737123833
yogurt,1.1419906737123833
other vegetables,1.141990673712383
other vegetables,1.141990673712383
"other vegetables, whole milk",1.141990673712383
rolls/buns,1.1007364950232659
"other vegetables, whole milk",1.1007364950232659
"whole milk, rolls/buns",1.1007364950232659
other vegetables,1.1007364950232659
